,x
dmatalpha1,0.382815577
dmatbeta1.1,0.052512868
dmatbeta1.2,0.025893819
dmatbeta1.3,0.019113288
dmatalpha2,0.04257735
dmatbeta2.1,-0.021610286
dmatbeta2.2,-0.012591806
dmatbeta2.3,-0.010776621
dmatalpha3,0.046833466
dmatbeta3.1,0.011560678
dmatbeta3.2,0.00836231
dmatbeta3.3,0.010255299
dmatalpha4,0.029481295
dmatbeta4.1,-0.001726151
dmatbeta4.2,-0.006732099
dmatbeta4.3,-0.006276234
dmatalpha5,0.048762856
dmatbeta5.1,-0.011347615
dmatbeta5.2,-0.002565603
dmatbeta5.3,-0.005588997
dmatalpha6,0.057464416
dmatbeta6.1,-0.000473891
dmatbeta6.2,-0.002453054
dmatbeta6.3,-0.002574901
dmatalpha7,0.131956323
dmatbeta7.1,0.005074
dmatbeta7.2,-0.003617865
dmatbeta7.3,-0.003942431
dmatalpha8,0.000349765
dmatbeta8.1,-0.013240518
dmatbeta8.2,-0.000114684
dmatbeta8.3,-0.009331784
dmatalpha9,-0.038686933
dmatbeta9.1,-0.005609676
dmatbeta9.2,0.001262657
dmatbeta9.3,0.000411485
dmatalpha10,0.025323837
dmatbeta10.1,-0.003196346
dmatbeta10.2,-0.002612286
dmatbeta10.3,-0.002863332
dmatalpha11,-0.021062349
dmatbeta11.1,0.008401819
dmatbeta11.2,0.002771376
dmatbeta11.3,0.007375132
dmatalpha12,0.036879814
dmatbeta12.1,-0.008043645
dmatbeta12.2,4.69E-05
dmatbeta12.3,0.001085428
dmatalpha13,0.00357369
dmatbeta13.1,-0.001146502
dmatbeta13.2,0.003298162
dmatbeta13.3,0.002922719
dmatalpha14,0.080270357
dmatbeta14.1,-0.001422613
dmatbeta14.2,0.002498356
dmatbeta14.3,-0.002614278
dmatalpha15,0.003091556
dmatbeta15.1,0.005163269
dmatbeta15.2,-0.000194407
dmatbeta15.3,0.006983733
dmatalpha16,-0.025467276
dmatbeta16.1,-0.000896673
dmatbeta16.2,0.002742901
dmatbeta16.3,0.001345647
dmatalpha17,0.001495242
dmatbeta17.1,0.007200516
dmatbeta17.2,0.004391096
dmatbeta17.3,0.002184681
dmatalpha18,-0.022645761
dmatbeta18.1,-0.013210302
dmatbeta18.2,-0.014550065
dmatbeta18.3,-0.017133719
dmatalpha19,0.013510913
dmatbeta19.1,0.006146373
dmatbeta19.2,0.002776505
dmatbeta19.3,0.002491041
dmatalpha20,0.014177013
dmatbeta20.1,-0.000481838
dmatbeta20.2,-0.006935699
dmatbeta20.3,-0.004462199
dmatalpha21,0.05330507
dmatbeta21.1,-0.005811948
dmatbeta21.2,0.000280286
dmatbeta21.3,-0.006020193
dmatalpha22,-0.027121436
dmatbeta22.1,-0.000947889
dmatbeta22.2,0.005173863
dmatbeta22.3,0.013595467
dmatalpha23,0.002616429
dmatbeta23.1,0.002748878
dmatbeta23.2,-0.004689699
dmatbeta23.3,-0.006819597
dmatalpha24,-0.022184135
dmatbeta24.1,-0.001623877
dmatbeta24.2,-0.00161143
dmatbeta24.3,0.003814889
dmatalpha25,0.037871128
dmatbeta25.1,0.000569988
dmatbeta25.2,0.005344022
dmatbeta25.3,-0.002287704
dmatalpha26,-0.015762743
dmatbeta26.1,-0.003431401
dmatbeta26.2,-0.008683996
dmatbeta26.3,-0.009629767
dmatalpha27,-0.008327021
dmatbeta27.1,0.010952398
dmatbeta27.2,0.003339599
dmatbeta27.3,0.003383729
dmatalpha28,0.038555105
dmatbeta28.1,-0.009207866
dmatbeta28.2,0.001231126
dmatbeta28.3,0.002298838
dmatalpha29,0.008384089
dmatbeta29.1,0.001866825
dmatbeta29.2,0.002471049
dmatbeta29.3,-0.002150541
dmatalpha30,0.003342961
dmatbeta30.1,0.008237823
dmatbeta30.2,0.000806044
dmatbeta30.3,0.002764079
dmatalpha31,0.002962544
dmatbeta31.1,-0.005558307
dmatbeta31.2,-1.83E-05
dmatbeta31.3,-0.003271938
dmatalpha32,0.003406313
dmatbeta32.1,0.015278407
dmatbeta32.2,0.010058562
dmatbeta32.3,0.016427975
dmatalpha33,0.01029492
dmatbeta33.1,0.002255753
dmatbeta33.2,-0.008965713
dmatbeta33.3,0.00098339
dmatalpha34,0.009602139
dmatbeta34.1,-0.006333336
dmatbeta34.2,-0.000786799
dmatbeta34.3,0.001117153
dmatalpha35,0.039114
dmatbeta35.1,-0.001685043
dmatbeta35.2,-0.003054397
dmatbeta35.3,-0.00084843
dmatalpha36,-0.014599457
dmatbeta36.1,0.001913985
dmatbeta36.2,-0.001574372
dmatbeta36.3,-0.001103196
dmatalpha37,-0.011755933
dmatbeta37.1,-0.002884917
dmatbeta37.2,-0.002761917
dmatbeta37.3,-0.00432373
dmatalpha38,-0.024208715
dmatbeta38.1,0.005745574
dmatbeta38.2,0.002508254
dmatbeta38.3,0.003057291
dmatalpha39,0.031588777
dmatbeta39.1,0.002021623
dmatbeta39.2,0.001298442
dmatbeta39.3,-0.000582816
dmatalpha40,-0.016043932
dmatbeta40.1,-8.32E-06
dmatbeta40.2,0.002900736
dmatbeta40.3,0.005799723
dmatalpha41,0.001008575
dmatbeta41.1,0.008785419
dmatbeta41.2,0.002908364
dmatbeta41.3,-0.002702602
dmatalpha42,0.017156218
dmatbeta42.1,-0.010460966
dmatbeta42.2,-0.003008872
dmatbeta42.3,-0.003619895
dmatalpha43,-0.016681634
dmatbeta43.1,0.008962312
dmatbeta43.2,-0.000167494
dmatbeta43.3,0.003603945
dmatalpha44,-0.000967812
dmatbeta44.1,-0.019326429
dmatbeta44.2,-0.005394913
dmatbeta44.3,-0.009242645
dmatalpha45,-0.009546559
dmatbeta45.1,0.003985671
dmatbeta45.2,-0.000149269
dmatbeta45.3,-0.001625952
dmatalpha46,-0.005929251
dmatbeta46.1,-0.005535477
dmatbeta46.2,-0.004705833
dmatbeta46.3,0.006439243
dmatalpha47,-0.004235092
dmatbeta47.1,-0.000215497
dmatbeta47.2,0.002726647
dmatbeta47.3,-0.002599661
dmatalpha48,0.006331997
dmatbeta48.1,-0.008277798
dmatbeta48.2,-0.001431929
dmatbeta48.3,-0.003111927
dmatalpha49,0.013852513
dmatbeta49.1,0.003437586
dmatbeta49.2,0.005413851
dmatbeta49.3,0.009149086
dmatalpha50,-0.016616429
dmatbeta50.1,-0.001062884
dmatbeta50.2,-0.00517732
dmatbeta50.3,-0.001858214
dmatalpha51,0.000705582
dmatbeta51.1,0.007189932
dmatbeta51.2,0.001648366
dmatbeta51.3,0.002694147
dmatalpha52,-0.004786286
dmatbeta52.1,-0.00790118
dmatbeta52.2,0.003098704
dmatbeta52.3,0.003144225
dmatalpha53,-0.006178775
dmatbeta53.1,0.011197346
dmatbeta53.2,0.000619992
dmatbeta53.3,-0.002125254
dmatalpha54,0.01728723
dmatbeta54.1,-0.009300808
dmatbeta54.2,-0.004024861
dmatbeta54.3,-0.00700359
dmatalpha55,0.013495285
dmatbeta55.1,0.004226022
dmatbeta55.2,0.00308468
dmatbeta55.3,0.002658056
dmatalpha56,0.02114304
dmatbeta56.1,7.39E-05
dmatbeta56.2,0.003735284
dmatbeta56.3,0.006453092
dmatalpha57,-0.004287222
dmatbeta57.1,-0.002070051
dmatbeta57.2,-0.003182611
dmatbeta57.3,0.000175278
dmatalpha58,-0.016443399
dmatbeta58.1,-0.004173714
dmatbeta58.2,-0.000814894
dmatbeta58.3,0.001710663
dmatalpha59,0.017313728
dmatbeta59.1,0.002364379
dmatbeta59.2,-0.001054784
dmatbeta59.3,-0.001149026
dmatalpha60,-0.009641489
dmatbeta60.1,-0.000384639
dmatbeta60.2,-0.001478107
dmatbeta60.3,-0.002528615
dmatalpha61,-0.01646346
dmatbeta61.1,0.00133487
dmatbeta61.2,0.008008457
dmatbeta61.3,0.009570435
dmatalpha62,0.012558208
dmatbeta62.1,-0.00861977
dmatbeta62.2,-0.005562869
dmatbeta62.3,-0.006580499
dmatalpha63,0.013218397
dmatbeta63.1,0.012105215
dmatbeta63.2,0.004644914
dmatbeta63.3,-0.001091736
dmatalpha64,-0.004061231
dmatbeta64.1,-0.009189878
dmatbeta64.2,-0.005005831
dmatbeta64.3,-0.005405727
dmatalpha65,-0.011251278
dmatbeta65.1,-0.00100659
dmatbeta65.2,-0.001139237
dmatbeta65.3,-0.00252427
dmatalpha66,-0.011137558
dmatbeta66.1,-0.00272441
dmatbeta66.2,-0.001573767
dmatbeta66.3,0.003661975
dmatalpha67,-0.004252474
dmatbeta67.1,-0.000805875
dmatbeta67.2,0.001905685
dmatbeta67.3,-0.007778571
dmatalpha68,-0.011301151
dmatbeta68.1,-0.006105932
dmatbeta68.2,-0.002833258
dmatbeta68.3,0.003734721
dmatalpha69,0.006841315
dmatbeta69.1,-0.001268536
dmatbeta69.2,0.001370985
dmatbeta69.3,-0.004886377
dmatalpha70,0.00240166
dmatbeta70.1,0.006713822
dmatbeta70.2,0.004490821
dmatbeta70.3,0.004560262
dmatalpha71,0.012866118
dmatbeta71.1,-0.006068837
dmatbeta71.2,0.000139376
dmatbeta71.3,-0.00018847
dmatalpha72,-0.013259004
dmatbeta72.1,0.013522284
dmatbeta72.2,0.000730663
dmatbeta72.3,0.002057574
dmatalpha73,-0.002578222
dmatbeta73.1,-0.005685145
dmatbeta73.2,-0.003343026
dmatbeta73.3,-0.00464077
dmatalpha74,-0.011990521
dmatbeta74.1,-0.008800921
dmatbeta74.2,-0.004192606
dmatbeta74.3,-0.005708198
dmatalpha75,0.00261616
dmatbeta75.1,0.007920548
dmatbeta75.2,0.005703868
dmatbeta75.3,0.006373744
dmatalpha76,-0.020192792
dmatbeta76.1,-0.004898191
dmatbeta76.2,0.000426725
dmatbeta76.3,-0.006704542
dmatalpha77,0.052544745
dmatbeta77.1,-0.001979627
dmatbeta77.2,-0.003693358
dmatbeta77.3,0.002377863
dmatalpha78,-0.022527877
dmatbeta78.1,0.000340445
dmatbeta78.2,-0.000339567
dmatbeta78.3,-0.002201449
dmatalpha79,0.012055935
dmatbeta79.1,0.00079179
dmatbeta79.2,-0.000581549
dmatbeta79.3,0.008371348
dmatalpha80,0.036155917
dmatbeta80.1,0.00851119
dmatbeta80.2,0.009096216
dmatbeta80.3,0.012185672
dmatalpha81,-0.018723673
dmatbeta81.1,-0.011420959
dmatbeta81.2,-0.005382361
dmatbeta81.3,-0.010241978
dmatalpha82,-0.005497273
dmatbeta82.1,0.005441466
dmatbeta82.2,0.004219655
dmatbeta82.3,-0.003491319
dmatalpha83,-0.002334715
dmatbeta83.1,-0.001772396
dmatbeta83.2,-0.005834155
dmatbeta83.3,0.001986195
dmatalpha84,0.023364496
dmatbeta84.1,-0.001064037
dmatbeta84.2,0.002331875
dmatbeta84.3,-0.00251697
dmatalpha85,0.002328841
dmatbeta85.1,0.002204259
dmatbeta85.2,0.005950911
dmatbeta85.3,0.009299798
dmatalpha86,-0.011472944
dmatbeta86.1,-0.005811233
dmatbeta86.2,-0.003391843
dmatbeta86.3,-0.012663833
dmatalpha87,0.017204452
dmatbeta87.1,0.007146201
dmatbeta87.2,0.007248884
dmatbeta87.3,0.002926307
dmatalpha88,-0.02260083
dmatbeta88.1,0.003784753
dmatbeta88.2,0.00287066
dmatbeta88.3,0.000521955
dmatalpha89,0.018165027
dmatbeta89.1,-0.000522108
dmatbeta89.2,-0.000157806
dmatbeta89.3,0.006079283
dmatalpha90,-0.004193944
dmatbeta90.1,0.004273874
dmatbeta90.2,-0.001669641
dmatbeta90.3,-0.002037469
dmatalpha91,0.001013233
dmatbeta91.1,-0.009950612
dmatbeta91.2,-0.004779979
dmatbeta91.3,-0.012953104
dmatalpha92,-0.006958604
dmatbeta92.1,-0.00666723
dmatbeta92.2,-0.000285672
dmatbeta92.3,-0.000218595
dmatalpha93,0.001118031
dmatbeta93.1,0.00743388
dmatbeta93.2,-0.001326255
dmatbeta93.3,0.013053874
dmatalpha94,-0.007134783
dmatbeta94.1,-0.001550056
dmatbeta94.2,-0.001655006
dmatbeta94.3,-0.014497778
dmatalpha95,-0.005351025
dmatbeta95.1,0.004752428
dmatbeta95.2,-0.005196361
dmatbeta95.3,0.00148927
dmatalpha96,-0.035385401
dmatbeta96.1,0.001221203
dmatbeta96.2,-0.003221146
dmatbeta96.3,-0.010536725
dmatalpha97,-0.006017865
dmatbeta97.1,-0.002238835
dmatbeta97.2,0.002097844
dmatbeta97.3,0.002271169
dmatalpha98,0.083583045
dmatbeta98.1,0.002394454
dmatbeta98.2,0.000186277
dmatbeta98.3,0.011645754
dmatalpha99,-0.025982908
dmatbeta99.1,-0.005764863
dmatbeta99.2,0.002787543
dmatbeta99.3,-0.003218569
dmatalpha100,0.002214516
dmatbeta100.1,0.00133122
dmatbeta100.2,0.006907789
dmatbeta100.3,0.006233618
dmatalpha101,-0.01781178
dmatbeta101.1,-0.006655508
dmatbeta101.2,-0.003112514
dmatbeta101.3,-0.006279048
dmatalpha102,-0.003467685
dmatbeta102.1,0.00040505
dmatbeta102.2,0.005748177
dmatbeta102.3,0.002016492
dmatalpha103,-0.001406857
dmatbeta103.1,0.000449047
dmatbeta103.2,-0.00308826
dmatbeta103.3,-0.00212105
dmatalpha104,-0.00152922
dmatbeta104.1,0.004837836
dmatbeta104.2,0.004159955
dmatbeta104.3,0.002490124
dmatalpha105,-0.002163286
dmatbeta105.1,-0.002673038
dmatbeta105.2,-0.003135402
dmatbeta105.3,-0.001363598
dmatalpha106,0.003335591
dmatbeta106.1,0.005932434
dmatbeta106.2,-0.002065262
dmatbeta106.3,0.000984793
dmatalpha107,0.001276759
dmatbeta107.1,-0.001381232
dmatbeta107.2,0.011037024
dmatbeta107.3,0.009346093
dmatalpha108,-0.004351268
dmatbeta108.1,0.000491904
dmatbeta108.2,-0.00589339
dmatbeta108.3,0.002155629
dmatalpha109,0.003643349
dmatbeta109.1,0.00557974
dmatbeta109.2,0.005962869
dmatbeta109.3,0.004889162
dmatalpha110,-0.002852637
dmatbeta110.1,-0.010954266
dmatbeta110.2,-0.002846301
dmatbeta110.3,-0.005199427
dmatalpha111,0.022891986
dmatbeta111.1,0.006940368
dmatbeta111.2,0.005425088
dmatbeta111.3,0.005518361
dmatalpha112,-0.003654453
dmatbeta112.1,0.00428568
dmatbeta112.2,0.000615822
dmatbeta112.3,0.006707188
dmatalpha113,0.001749042
dmatbeta113.1,0.007340669
dmatbeta113.2,-0.001870292
dmatbeta113.3,-0.001726767
dmatalpha114,0.011128743
dmatbeta114.1,-0.00015471
dmatbeta114.2,0.000485024
dmatbeta114.3,-0.003560349
dmatalpha115,-0.017394583
dmatbeta115.1,-0.004781988
dmatbeta115.2,-0.003830697
dmatbeta115.3,-0.000956631
dmatalpha116,0.003020514
dmatbeta116.1,0.006128147
dmatbeta116.2,0.002701357
dmatbeta116.3,0.005752377
dmatalpha117,0.013231222
dmatbeta117.1,-0.000133932
dmatbeta117.2,-0.002002639
dmatbeta117.3,0.003805628
dmatalpha118,-0.011770171
dmatbeta118.1,-0.001311399
dmatbeta118.2,0.003738851
dmatbeta118.3,0.003570778
dmatalpha119,0.045383111
dmatbeta119.1,0.00104859
dmatbeta119.2,0.003015367
dmatbeta119.3,0.001707103
dmatalpha120,-0.025120458
dmatbeta120.1,-0.008151789
dmatbeta120.2,-0.00883241
dmatbeta120.3,-0.008188467
dmatalpha121,0.003710525
dmatbeta121.1,0.001865202
dmatbeta121.2,0.002935176
dmatbeta121.3,0.010668061
dmatalpha122,-0.009633924
dmatbeta122.1,-0.006006847
dmatbeta122.2,-0.002703658
dmatbeta122.3,-0.006605574
dmatalpha123,0.012300948
dmatbeta123.1,0.00523398
dmatbeta123.2,0.00094792
dmatbeta123.3,0.002890021
dmatalpha124,0.009693881
dmatbeta124.1,-0.00232428
dmatbeta124.2,-0.001687532
dmatbeta124.3,-0.003298628
dmatalpha125,0.006834247
dmatbeta125.1,0.002492555
dmatbeta125.2,0.004702035
dmatbeta125.3,0.000969789
dmatalpha126,0.007700607
dmatbeta126.1,-0.001067719
dmatbeta126.2,-0.004598078
dmatbeta126.3,0.010248208
dmatalpha127,-0.011558173
dmatbeta127.1,0.002131873
dmatbeta127.2,-0.002225673
dmatbeta127.3,0.000324399
dmatalpha128,0.005749814
dmatbeta128.1,0.001874092
dmatbeta128.2,-0.001866666
dmatbeta128.3,-0.008511801
dmatalpha129,-0.002571623
dmatbeta129.1,-0.003525931
dmatbeta129.2,0.005520404
dmatbeta129.3,0.005965371
dmatalpha130,-0.00016126
dmatbeta130.1,0.011073419
dmatbeta130.2,-0.000406637
dmatbeta130.3,-0.003086704
dmatalpha131,0.013102334
dmatbeta131.1,0.002247265
dmatbeta131.2,-0.002890905
dmatbeta131.3,0.003717251
dmatalpha132,-0.007873443
dmatbeta132.1,-0.005385178
dmatbeta132.2,0.000305131
dmatbeta132.3,0.005068383
dmatalpha133,0.058700009
dmatbeta133.1,0.008778696
dmatbeta133.2,0.00918683
dmatbeta133.3,0.017291579
dmatalpha134,0.001507719
dmatbeta134.1,-0.007847808
dmatbeta134.2,-0.003178159
dmatbeta134.3,-0.002152526
dmatalpha135,-0.014523053
dmatbeta135.1,0.004521486
dmatbeta135.2,-0.003185605
dmatbeta135.3,-0.001326902
dmatalpha136,-0.01044614
dmatbeta136.1,-0.012920435
dmatbeta136.2,-0.003781861
dmatbeta136.3,-0.006090959
dmatalpha137,-0.000121497
dmatbeta137.1,0.008447861
dmatbeta137.2,0.005211548
dmatbeta137.3,-0.000523765
dmatalpha138,-0.001367865
dmatbeta138.1,0.001053012
dmatbeta138.2,0.001296526
dmatbeta138.3,0.004741345
dmatalpha139,0.001580715
dmatbeta139.1,-0.007810358
dmatbeta139.2,-0.005022033
dmatbeta139.3,-0.004106149
dmatalpha140,-0.013432503
dmatbeta140.1,-0.005136083
dmatbeta140.2,-0.001371584
dmatbeta140.3,0.008167183
dmatalpha141,0.012097484
dmatbeta141.1,0.00406532
dmatbeta141.2,-0.004983413
dmatbeta141.3,-0.006781808
dmatalpha142,0.011504715
dmatbeta142.1,0.000319835
dmatbeta142.2,0.000796949
dmatbeta142.3,-0.000172034
dmatalpha143,0.028656388
dmatbeta143.1,0.008760594
dmatbeta143.2,0.006070234
dmatbeta143.3,0.000985396
dmatalpha144,-0.014391419
dmatbeta144.1,-0.002607254
dmatbeta144.2,0.000962271
dmatbeta144.3,0.000832929
dmatalpha145,-0.005312315
dmatbeta145.1,-0.007529407
dmatbeta145.2,-0.006250539
dmatbeta145.3,-0.006592547
dmatalpha146,0.011109436
dmatbeta146.1,-0.00126599
dmatbeta146.2,0.002255811
dmatbeta146.3,0.003873709
dmatalpha147,0.00982909
dmatbeta147.1,-0.007918106
dmatbeta147.2,-0.004292868
dmatbeta147.3,-0.001712418
dmatalpha148,-0.018770087
dmatbeta148.1,-0.001678673
dmatbeta148.2,-0.004139946
dmatbeta148.3,-0.012932726
dmatalpha149,-0.014254548
dmatbeta149.1,-0.000387045
dmatbeta149.2,0.000567177
dmatbeta149.3,0.004639704
dmatalpha150,0.009123257
dmatbeta150.1,0.002051318
dmatbeta150.2,-0.004872205
dmatbeta150.3,-0.004760921
dmatalpha151,-0.028138976
dmatbeta151.1,-0.017544739
dmatbeta151.2,-5.89E-05
dmatbeta151.3,-0.003884074
dmatalpha152,-0.002636207
dmatbeta152.1,0.023036302
dmatbeta152.2,0.009769795
dmatbeta152.3,0.00858257
dmatalpha153,0.00393678
dmatbeta153.1,0.001283892
dmatbeta153.2,-0.000402188
dmatbeta153.3,-0.004672928
dmatalpha154,-0.004874504
dmatbeta154.1,0.002921158
dmatbeta154.2,-0.002597451
dmatbeta154.3,0.002770754
dmatalpha155,-0.004121877
dmatbeta155.1,-0.005626864
dmatbeta155.2,-0.002983449
dmatbeta155.3,-8.20E-05
dmatalpha156,0.014336318
dmatbeta156.1,0.019156871
dmatbeta156.2,0.010785924
dmatbeta156.3,0.007578844
dmatalpha157,-0.003108759
dmatbeta157.1,0.006513971
dmatbeta157.2,0.001377542
dmatbeta157.3,0.002509395
dmatalpha158,-0.006585261
dmatbeta158.1,-0.006675672
dmatbeta158.2,-0.004912618
dmatbeta158.3,0.000289588
dmatalpha159,0.003586422
dmatbeta159.1,-0.002900053
dmatbeta159.2,0.000801737
dmatbeta159.3,-0.007331179
dmatalpha160,-0.006767983
dmatbeta160.1,-0.004376072
dmatbeta160.2,-0.001682079
dmatbeta160.3,0.001677162
dmatalpha161,-0.009509866
dmatbeta161.1,-0.001338445
dmatbeta161.2,0.002567099
dmatbeta161.3,-0.004436843
dmatalpha162,-0.009659591
dmatbeta162.1,0.002214133
dmatbeta162.2,0.002027819
dmatbeta162.3,0.003995954
dmatalpha163,-0.009227905
dmatbeta163.1,-0.001006406
dmatbeta163.2,-0.004624213
dmatbeta163.3,-0.00826059
dmatalpha164,-0.012422423
dmatbeta164.1,0.003628252
dmatbeta164.2,-0.000933263
dmatbeta164.3,-0.001934313
dmatalpha165,0.02597116
dmatbeta165.1,0.001125019
dmatbeta165.2,0.002056799
dmatbeta165.3,2.41E-05
dmatalpha166,-0.025202332
dmatbeta166.1,-0.001850645
dmatbeta166.2,0.003449679
dmatbeta166.3,0.002229781
dmatalpha167,0.002671201
dmatbeta167.1,-0.001514508
dmatbeta167.2,0.001134521
dmatbeta167.3,0.006794873
dmatalpha168,0.040959332
dmatbeta168.1,-0.002955214
dmatbeta168.2,-0.004296062
dmatbeta168.3,-0.001116413
dmatalpha169,-0.015256408
dmatbeta169.1,0.000709815
dmatbeta169.2,0.006699459
dmatbeta169.3,-0.000389486
dmatalpha170,0.006564085
dmatbeta170.1,-0.007540559
dmatbeta170.2,-0.005497138
dmatbeta170.3,-0.003968535
dmatalpha171,-0.002434919
dmatbeta171.1,-0.004458276
dmatbeta171.2,0.003918986
dmatbeta171.3,9.40E-05
dmatalpha172,-0.002968068
dmatbeta172.1,-0.00858604
dmatbeta172.2,-0.005484919
dmatbeta172.3,-0.010614201
dmatalpha173,-0.003263618
dmatbeta173.1,-0.006419524
dmatbeta173.2,0.000124919
dmatbeta173.3,-0.002544932
dmatalpha174,0.021976944
dmatbeta174.1,0.018819232
dmatbeta174.2,0.010723704
dmatbeta174.3,0.017150174
dmatalpha175,0.018285929
dmatbeta175.1,-0.003773625
dmatbeta175.2,0.001040037
dmatbeta175.3,-0.006089534
dmatalpha176,-0.013915735
dmatbeta176.1,-0.008861311
dmatbeta176.2,-0.004604045
dmatbeta176.3,0.000490166
dmatalpha177,0.014611145
dmatbeta177.1,0.004302124
dmatbeta177.2,0.005215593
dmatbeta177.3,0.002282959
dmatalpha178,0.028655072
dmatbeta178.1,0.007063641
dmatbeta178.2,-0.001092832
dmatbeta178.3,0.003798739
dmatalpha179,-0.019693171
dmatbeta179.1,-0.002532288
dmatbeta179.2,0.003187206
dmatbeta179.3,0.001432957
dmatalpha180,-0.011210677
dmatbeta180.1,0.003984873
dmatbeta180.2,0.000268845
dmatbeta180.3,0.002373336
dmatalpha181,0.012455532
dmatbeta181.1,0.006743718
dmatbeta181.2,0.003963318
dmatbeta181.3,0.003977355
dmatalpha182,-0.008736194
dmatbeta182.1,-0.011412621
dmatbeta182.2,-0.009283397
dmatbeta182.3,-0.000443589
dmatalpha183,0.023960476
dmatbeta183.1,0.001121378
dmatbeta183.2,0.006933587
dmatbeta183.3,-0.000292943
dmatalpha184,-0.025046206
dmatbeta184.1,-0.010199441
dmatbeta184.2,-0.00085914
dmatbeta184.3,-0.000265872
dmatalpha185,0.01355412
dmatbeta185.1,0.00867447
dmatbeta185.2,0.00239793
dmatbeta185.3,-0.000387977
dmatalpha186,0.00200516
dmatbeta186.1,-0.002730236
dmatbeta186.2,-0.002878352
dmatbeta186.3,0.002730732
dmatalpha187,-0.001538967
dmatbeta187.1,0.005195669
dmatbeta187.2,-0.002893248
dmatbeta187.3,-0.002421654
dmatalpha188,-0.015276455
dmatbeta188.1,0.001557538
dmatbeta188.2,0.003882489
dmatbeta188.3,0.00173151
dmatalpha189,-0.001040157
dmatbeta189.1,-0.004432034
dmatbeta189.2,-0.008208715
dmatbeta189.3,-0.004274223
dmatalpha190,-1.97E-05
dmatbeta190.1,0.004139681
dmatbeta190.2,0.012073973
dmatbeta190.3,0.004815302
dmatalpha191,0.007309396
dmatbeta191.1,-0.015924631
dmatbeta191.2,-0.012592675
dmatbeta191.3,-0.017226635
dmatalpha192,-0.004721409
dmatbeta192.1,0.009285082
dmatbeta192.2,0.011266068
dmatbeta192.3,0.00446914
dmatalpha193,-0.006031794
dmatbeta193.1,0.003390647
dmatbeta193.2,-0.002955091
dmatbeta193.3,0.002297391
dmatalpha194,0.010099507
dmatbeta194.1,-0.011237632
dmatbeta194.2,-0.002713621
dmatbeta194.3,-0.001599922
dmatalpha195,-0.003121234
dmatbeta195.1,0.001954314
dmatbeta195.2,-0.004992466
dmatbeta195.3,0.001654357
dmatalpha196,0.037153099
dmatbeta196.1,0.004132739
dmatbeta196.2,-0.000324418
dmatbeta196.3,9.03E-05
dmatalpha197,-0.057880664
dmatbeta197.1,-0.002769817
dmatbeta197.2,-0.005039506
dmatbeta197.3,-0.008684922
dmatalpha198,-0.015644235
dmatbeta198.1,-0.001361023
dmatbeta198.2,0.002043156
dmatbeta198.3,0.002286284
dmatalpha199,-0.01335486
dmatbeta199.1,0.006022009
dmatbeta199.2,0.000577847
dmatbeta199.3,0.000887128
dmatalpha200,0.019073853
dmatbeta200.1,0.00357679
dmatbeta200.2,-0.00044854
dmatbeta200.3,0.00466107
dmatalpha201,0.006287362
dmatbeta201.1,0.005980077
dmatbeta201.2,0.005352525
dmatbeta201.3,0.006448129
dmatalpha202,-0.00913275
dmatbeta202.1,0.000447906
dmatbeta202.2,9.47E-05
dmatbeta202.3,0.002404786
dmatalpha203,-0.011058589
dmatbeta203.1,0.001809458
dmatbeta203.2,-0.00071133
dmatbeta203.3,-0.009710145
dmatalpha204,-0.017102212
dmatbeta204.1,-0.001560435
dmatbeta204.2,-0.003519296
dmatbeta204.3,0.005868838
dmatalpha205,0.010755592
dmatbeta205.1,0.005512322
dmatbeta205.2,-0.002501319
dmatbeta205.3,-0.005212101
dmatalpha206,-0.007697758
dmatbeta206.1,-0.005908818
dmatbeta206.2,-0.000161931
dmatbeta206.3,0.000436149
dmatalpha207,0.020541804
dmatbeta207.1,0.006478966
dmatbeta207.2,0.006849001
dmatbeta207.3,0.013060107
dmatalpha208,-0.005319667
dmatbeta208.1,-0.005536504
dmatbeta208.2,-0.005870499
dmatbeta208.3,-0.003744729
dmatalpha209,0.003451971
dmatbeta209.1,0.001871616
dmatbeta209.2,-0.003782655
dmatbeta209.3,-0.001962537
dmatalpha210,0.024430293
dmatbeta210.1,0.000719123
dmatbeta210.2,-0.000355284
dmatbeta210.3,0.000192976
dmatalpha211,-0.00716123
dmatbeta211.1,-0.00832509
dmatbeta211.2,0.00146916
dmatbeta211.3,-0.004803718
dmatalpha212,0.024929023
dmatbeta212.1,0.005541859
dmatbeta212.2,0.004395066
dmatbeta212.3,0.003814777
dmatalpha213,-0.013858627
dmatbeta213.1,0.002126622
dmatbeta213.2,-0.006740616
dmatbeta213.3,0.000988347
dmatalpha214,-0.019734007
dmatbeta214.1,-0.007019672
dmatbeta214.2,0.001540004
dmatbeta214.3,-0.006028001
dmatalpha215,-0.001697671
dmatbeta215.1,0.003140943
dmatbeta215.2,-0.000575605
dmatbeta215.3,0.003573734
dmatalpha216,-0.008483761
dmatbeta216.1,0.001506537
dmatbeta216.2,0.003765195
dmatbeta216.3,0.00262832
dmatalpha217,0.021162686
dmatbeta217.1,0.001744505
dmatbeta217.2,-0.000783008
dmatbeta217.3,0.009975236
dmatalpha218,-0.017911641
dmatbeta218.1,-0.00383564
dmatbeta218.2,-0.007666926
dmatbeta218.3,-0.007803141
dmatalpha219,0.020673046
dmatbeta219.1,0.006254278
dmatbeta219.2,0.008229329
dmatbeta219.3,0.007621013
dmatalpha220,-0.008422946
dmatbeta220.1,-0.003779272
dmatbeta220.2,-0.00103011
dmatbeta220.3,-0.005627694
dmatalpha221,0.038991458
dmatbeta221.1,-0.003938085
dmatbeta221.2,-0.000167219
dmatbeta221.3,-0.000413646
dmatalpha222,0.003620238
dmatbeta222.1,0.014040914
dmatbeta222.2,0.00588062
dmatbeta222.3,0.006326611
dmatalpha223,0.000257767
dmatbeta223.1,-0.013560258
dmatbeta223.2,-0.005927694
dmatbeta223.3,-0.006388215
dmatalpha224,-0.03593258
dmatbeta224.1,-0.002970743
dmatbeta224.2,-0.003746727
dmatbeta224.3,-0.003015162
dmatalpha225,0.018178937
dmatbeta225.1,0.005245554
dmatbeta225.2,0.005489936
dmatbeta225.3,-0.00065729
dmatalpha226,0.008598174
dmatbeta226.1,0.002359552
dmatbeta226.2,-0.00250724
dmatbeta226.3,-0.002415309
dmatalpha227,-0.036060827
dmatbeta227.1,0.001847635
dmatbeta227.2,0.00036138
dmatbeta227.3,-0.001119442
dmatalpha228,0.013915813
dmatbeta228.1,-4.38E-05
dmatbeta228.2,-0.002798406
dmatbeta228.3,0.002414067
dmatalpha229,-0.015859763
dmatbeta229.1,0.003831908
dmatbeta229.2,0.004332251
dmatbeta229.3,0.001699378
dmatalpha230,-0.007929634
dmatbeta230.1,-0.00325323
dmatbeta230.2,0.000216721
dmatbeta230.3,-0.000546587
dmatalpha231,0.064616851
dmatbeta231.1,0.009329779
dmatbeta231.2,-0.000921607
dmatbeta231.3,0.008615023
dmatalpha232,-0.033293991
dmatbeta232.1,-0.005728726
dmatbeta232.2,-0.004474304
dmatbeta232.3,-0.010363461
dmatalpha233,0.016438689
dmatbeta233.1,0.006065951
dmatbeta233.2,0.005049597
dmatbeta233.3,0.00576695
dmatalpha234,-0.014681461
dmatbeta234.1,-0.002127904
dmatbeta234.2,-0.001808355
dmatbeta234.3,0.002202637
dmatalpha235,-0.002517597
dmatbeta235.1,0.002569234
dmatbeta235.2,-0.000360909
dmatbeta235.3,0.003035466
dmatalpha236,0.001907456
dmatbeta236.1,-0.002523293
dmatbeta236.2,1.17E-05
dmatbeta236.3,-0.002076725
dmatalpha237,-0.006190479
dmatbeta237.1,0.000428115
dmatbeta237.2,-0.003817685
dmatbeta237.3,-0.003908167
dmatalpha238,-0.009638117
dmatbeta238.1,-0.005064747
dmatbeta238.2,-0.004069847
dmatbeta238.3,-0.012588612
dmatalpha239,0.004139991
dmatbeta239.1,0.002788958
dmatbeta239.2,0.004580689
dmatbeta239.3,0.010647407
dmatalpha240,0.011914369
dmatbeta240.1,0.002400612
dmatbeta240.2,0.002125891
dmatbeta240.3,-0.001315423
dmatalpha241,-0.023103259
dmatbeta241.1,-0.011455739
dmatbeta241.2,0.000583977
dmatbeta241.3,0.001669847
dmatalpha242,-0.006297083
dmatbeta242.1,-0.00120842
dmatbeta242.2,-0.006727018
dmatbeta242.3,-0.00414714
dmatalpha243,-0.007832847
dmatbeta243.1,0.00164951
dmatbeta243.2,0.009948862
dmatbeta243.3,0.000469946
dmatalpha244,-0.000151724
dmatbeta244.1,0.007081123
dmatbeta244.2,0.00174078
dmatbeta244.3,0.005028765
dmatalpha245,-0.01143185
dmatbeta245.1,-0.008015759
dmatbeta245.2,-0.006377734
dmatbeta245.3,-0.021369145
dmatalpha246,-0.008639245
dmatbeta246.1,-0.002652454
dmatbeta246.2,-0.004403682
dmatbeta246.3,-0.001153366
dmatalpha247,0.005901191
dmatbeta247.1,0.001385412
dmatbeta247.2,0.005812939
dmatbeta247.3,0.004645865
dmatalpha248,-0.010600945
dmatbeta248.1,0.001391
dmatbeta248.2,0.001122813
dmatbeta248.3,0.005996908
dmatalpha249,0.021999695
dmatbeta249.1,-0.007255932
dmatbeta249.2,-0.003451745
dmatbeta249.3,-0.003193502
dmatalpha250,-0.022277088
dmatbeta250.1,0.003203899
dmatbeta250.2,-0.001525576
dmatbeta250.3,0.000102911
dmatalpha251,0.013929579
dmatbeta251.1,0.014068749
dmatbeta251.2,0.006013346
dmatbeta251.3,0.004811222
dmatalpha252,0.002258637
dmatbeta252.1,-0.003827965
dmatbeta252.2,-0.012124129
dmatbeta252.3,-0.011807084
dmatalpha253,0.001977705
dmatbeta253.1,-0.00155361
dmatbeta253.2,0.00367028
dmatbeta253.3,-0.000582713
dmatalpha254,-0.011540328
dmatbeta254.1,0.001961115
dmatbeta254.2,0.000371701
dmatbeta254.3,0.002074639
dmatalpha255,-0.004490677
dmatbeta255.1,-0.003622478
dmatbeta255.2,-0.006789425
dmatbeta255.3,-0.001485769
dmatalpha256,-0.011439365
dmatbeta256.1,0.007674401
dmatbeta256.2,0.010733286
dmatbeta256.3,0.01096263
dmatalpha257,0.022720866
dmatbeta257.1,-0.003815575
dmatbeta257.2,-0.001548751
dmatbeta257.3,-0.000454591
dmatalpha258,-0.025184246
dmatbeta258.1,-0.011445934
dmatbeta258.2,-0.00176265
dmatbeta258.3,0.000146179
dmatalpha259,-0.022923476
dmatbeta259.1,0.007234631
dmatbeta259.2,0.002274523
dmatbeta259.3,-0.008805388
dmatalpha260,0.002278021
dmatbeta260.1,0.001395337
dmatbeta260.2,0.003359197
dmatbeta260.3,0.001521587
dmatalpha261,-0.008850768
dmatbeta261.1,0.004733571
dmatbeta261.2,-0.004556607
dmatbeta261.3,-0.00634274
dmatalpha262,0.004266353
dmatbeta262.1,-0.007139552
dmatbeta262.2,-0.006676256
dmatbeta262.3,-0.006139927
dmatalpha263,-0.009727033
dmatbeta263.1,-0.013079463
dmatbeta263.2,0.002019968
dmatbeta263.3,-0.008565689
dmatalpha264,0.015882387
dmatbeta264.1,-0.004056061
dmatbeta264.2,8.11E-05
dmatbeta264.3,0.006320302
dmatalpha265,-0.026954451
dmatbeta265.1,0.004622602
dmatbeta265.2,0.002971066
dmatbeta265.3,-0.001464433
dmatalpha266,0.05207688
dmatbeta266.1,0.005220305
dmatbeta266.2,0.006694248
dmatbeta266.3,0.007324057
dmatalpha267,-0.021891392
dmatbeta267.1,-0.010246318
dmatbeta267.2,-0.001737526
dmatbeta267.3,-0.005353976
dmatalpha268,0.003485094
dmatbeta268.1,-0.004983553
dmatbeta268.2,-0.00659218
dmatbeta268.3,-0.010745183
dmatalpha269,-0.028577092
dmatbeta269.1,0.010851281
dmatbeta269.2,0.001404868
dmatbeta269.3,-0.000683242
dmatalpha270,0.026119611
dmatbeta270.1,0.004616698
dmatbeta270.2,0.000406926
dmatbeta270.3,0.001670744
dmatalpha271,-0.006089962
dmatbeta271.1,0.000622683
dmatbeta271.2,-0.001686296
dmatbeta271.3,-0.00300456
dmatalpha272,-0.003965824
dmatbeta272.1,9.57E-05
dmatbeta272.2,-0.004304965
dmatbeta272.3,0.002120095
dmatalpha273,-0.023260729
dmatbeta273.1,-0.009335454
dmatbeta273.2,-0.004741513
dmatbeta273.3,-0.012935462
dmatalpha274,0.019091651
dmatbeta274.1,0.005499797
dmatbeta274.2,0.004410369
dmatbeta274.3,0.005263594
dmatalpha275,0.003063145
dmatbeta275.1,0.010132018
dmatbeta275.2,0.001778255
dmatbeta275.3,0.007673704
dmatalpha276,0.025208227
dmatbeta276.1,-0.005112581
dmatbeta276.2,0.001082761
dmatbeta276.3,0.002596708
dmatalpha277,-0.007832179
dmatbeta277.1,-0.001245709
dmatbeta277.2,0.005591378
dmatbeta277.3,0.011149048
dmatalpha278,0.019152746
dmatbeta278.1,-0.002428885
dmatbeta278.2,-0.002633261
dmatbeta278.3,-0.003038457
dmatalpha279,0.002972469
dmatbeta279.1,-0.011148771
dmatbeta279.2,0.000191518
dmatbeta279.3,-0.011234957
dmatalpha280,-0.006381368
dmatbeta280.1,0.002713115
dmatbeta280.2,-0.00283861
dmatbeta280.3,0.001812027
dmatalpha281,0.00334743
dmatbeta281.1,0.000521819
dmatbeta281.2,0.006387799
dmatbeta281.3,0.005496556
dmatalpha282,-0.006761625
dmatbeta282.1,0.000761536
dmatbeta282.2,-0.000896283
dmatbeta282.3,-0.002638569
dmatalpha283,0.009583298
dmatbeta283.1,0.000465742
dmatbeta283.2,0.001042839
dmatbeta283.3,-0.000179794
dmatalpha284,0.010673579
dmatbeta284.1,0.018745823
dmatbeta284.2,0.007776658
dmatbeta284.3,0.016472141
dmatalpha285,-0.019380497
dmatbeta285.1,-0.00947105
dmatbeta285.2,-0.006680609
dmatbeta285.3,-0.009034945
dmatalpha286,0.005301225
dmatbeta286.1,-0.004921083
dmatbeta286.2,-0.003479774
dmatbeta286.3,-0.003413469
dmatalpha287,-0.034608951
dmatbeta287.1,-0.002286695
dmatbeta287.2,0.002559909
dmatbeta287.3,-0.008065631
dmatalpha288,0.012082594
dmatbeta288.1,0.008612221
dmatbeta288.2,-0.00629741
dmatbeta288.3,-0.001861778
dmatalpha289,-0.005391915
dmatbeta289.1,-0.00367102
dmatbeta289.2,0.006375083
dmatbeta289.3,0.002627223
dmatalpha290,-0.008544508
dmatbeta290.1,-0.006990663
dmatbeta290.2,-0.008609074
dmatbeta290.3,-0.002608827
dmatalpha291,-0.009492748
dmatbeta291.1,0.001005391
dmatbeta291.2,0.002783303
dmatbeta291.3,-0.000193135
dmatalpha292,0.006218581
dmatbeta292.1,-0.00212824
dmatbeta292.2,0.001690305
dmatbeta292.3,0.003933004
dmatalpha293,-0.008983659
dmatbeta293.1,0.007803246
dmatbeta293.2,0.002391747
dmatbeta293.3,0.001481564
dmatalpha294,-0.017390142
dmatbeta294.1,-0.01071215
dmatbeta294.2,-0.004449734
dmatbeta294.3,-0.016884709
dmatalpha295,0.002310037
dmatbeta295.1,0.005277053
dmatbeta295.2,0.006580202
dmatbeta295.3,0.015240184
dmatalpha296,0.01854517
dmatbeta296.1,-0.00201383
dmatbeta296.2,-0.004918805
dmatbeta296.3,0.005310959
dmatalpha297,0.007203276
dmatbeta297.1,0.002421361
dmatbeta297.2,0.002362563
dmatbeta297.3,-0.004367937
dmatalpha298,-0.004061427
dmatbeta298.1,0.002804749
dmatbeta298.2,-0.000611268
dmatbeta298.3,0.001769471
dmatalpha299,-0.025165398
dmatbeta299.1,-0.009931708
dmatbeta299.2,-0.006270024
dmatbeta299.3,-0.011825819
dmatalpha300,0.004826055
dmatbeta300.1,0.007779688
dmatbeta300.2,0.000123615
dmatbeta300.3,0.00067885
dmatalpha301,-0.011794513
dmatbeta301.1,0.001954089
dmatbeta301.2,-0.009275432
dmatbeta301.3,-0.012994942
dmatalpha302,0.039007838
dmatbeta302.1,0.017222953
dmatbeta302.2,0.011978783
dmatbeta302.3,0.020416654
dmatalpha303,-0.009244864
dmatbeta303.1,-0.008953224
dmatbeta303.2,-0.000548549
dmatbeta303.3,0.000610138
dmatalpha304,0.016175649
dmatbeta304.1,0.006734713
dmatbeta304.2,0.000904389
dmatbeta304.3,0.010319212
dmatalpha305,-0.015016902
dmatbeta305.1,-0.00603414
dmatbeta305.2,0.00651693
dmatbeta305.3,0.006325438
dmatalpha306,0.012525955
dmatbeta306.1,0.005627223
dmatbeta306.2,-0.005394688
dmatbeta306.3,-0.007153802
dmatalpha307,0.004553322
dmatbeta307.1,-0.010648009
dmatbeta307.2,-0.001751808
dmatbeta307.3,-0.00112197
dmatalpha308,0.001206346
dmatbeta308.1,0.000132973
dmatbeta308.2,0.00084306
dmatbeta308.3,0.010470225
dmatalpha309,0.026699552
dmatbeta309.1,-0.002667103
dmatbeta309.2,0.006066211
dmatbeta309.3,-0.001820422
dmatalpha310,-0.021450625
dmatbeta310.1,-0.004413602
dmatbeta310.2,-0.005534957
dmatbeta310.3,0.000750546
dmatalpha311,0.024976721
dmatbeta311.1,-0.005319975
dmatbeta311.2,-0.005507294
dmatbeta311.3,-0.007412902
dmatalpha312,-0.016865313
dmatbeta312.1,0.006427408
dmatbeta312.2,-0.005326671
dmatbeta312.3,-0.008213417
dmatalpha313,-0.00679044
dmatbeta313.1,0.004592525
dmatbeta313.2,0.002830165
dmatbeta313.3,-0.001484835
dmatalpha314,0.009960819
dmatbeta314.1,0.009385648
dmatbeta314.2,0.004276519
dmatbeta314.3,-0.0017078
dmatalpha315,-0.015066163
dmatbeta315.1,-0.015579794
dmatbeta315.2,-0.009621515
dmatbeta315.3,-0.007518674
dmatalpha316,-0.003951899
dmatbeta316.1,0.008385924
dmatbeta316.2,0.011997742
dmatbeta316.3,0.012242473
dmatalpha317,-0.013839488
dmatbeta317.1,0.001239023
dmatbeta317.2,-0.001846944
dmatbeta317.3,0.004448531
dmatalpha318,-0.00269614
dmatbeta318.1,0.00266887
dmatbeta318.2,0.006771534
dmatbeta318.3,-0.000836221
dmatalpha319,0.01626777
dmatbeta319.1,0.003618488
dmatbeta319.2,-0.011968578
dmatbeta319.3,-0.004896617
dmatalpha320,-0.017046222
dmatbeta320.1,-0.006076505
dmatbeta320.2,-0.001027843
dmatbeta320.3,-0.004104946
dmatalpha321,-0.016497915
dmatbeta321.1,-0.000965366
dmatbeta321.2,-0.000827886
dmatbeta321.3,0.000274521
dmatalpha322,0.021117043
dmatbeta322.1,0.001919502
dmatbeta322.2,0.004522799
dmatbeta322.3,0.000415144
dmatalpha323,-0.010067704
dmatbeta323.1,0.005881569
dmatbeta323.2,0.001139989
dmatbeta323.3,0.00187791
dmatalpha324,0.009304397
dmatbeta324.1,0.003493177
dmatbeta324.2,-0.002475001
dmatbeta324.3,-0.002810041
dmatalpha325,0.023333052
dmatbeta325.1,-0.000665344
dmatbeta325.2,0.005176834
dmatbeta325.3,0.005727989
dmatalpha326,-0.003818088
dmatbeta326.1,0.00015264
dmatbeta326.2,0.001379576
dmatbeta326.3,-0.001143409
dmatalpha327,0.001356168
dmatbeta327.1,0.003186054
dmatbeta327.2,0.002819698
dmatbeta327.3,0.002840765
dmatalpha328,0.009634989
dmatbeta328.1,0.006895943
dmatbeta328.2,0.003393165
dmatbeta328.3,0.003472358
dmatalpha329,0.024420532
dmatbeta329.1,0.006239383
dmatbeta329.2,0.005558556
dmatbeta329.3,-0.004929718
dmatalpha330,0.001152929
dmatbeta330.1,0.005238959
dmatbeta330.2,-0.009607606
dmatbeta330.3,0.003467875
dmatalpha331,-0.008750686
dmatbeta331.1,-0.003088438
dmatbeta331.2,0.000765814
dmatbeta331.3,0.004458005
dmatalpha332,0.018941239
dmatbeta332.1,0.000696112
dmatbeta332.2,-0.002830033
dmatbeta332.3,-0.001299496
dmatalpha333,-0.022041547
dmatbeta333.1,-0.007926431
dmatbeta333.2,-0.003982513
dmatbeta333.3,-0.004594459
dmatalpha334,0.017654892
dmatbeta334.1,-0.000271497
dmatbeta334.2,0.008461271
dmatbeta334.3,0.006252344
dmatalpha335,0.001089351
dmatbeta335.1,-0.001363589
dmatbeta335.2,-0.000842866
dmatbeta335.3,-0.003489716
dmatalpha336,-0.004586054
dmatbeta336.1,-0.011756587
dmatbeta336.2,0.001797148
dmatbeta336.3,0.000611893
dmatalpha337,-0.03280802
dmatbeta337.1,-0.004171654
dmatbeta337.2,-0.007736152
dmatbeta337.3,-0.004938775
dmatalpha338,-0.001929921
dmatbeta338.1,0.000341579
dmatbeta338.2,0.001969369
dmatbeta338.3,-0.001773976
dmatalpha339,-0.004677691
dmatbeta339.1,-0.0090602
dmatbeta339.2,0.000760951
dmatbeta339.3,-0.001528915
dmatalpha340,-0.002980118
dmatbeta340.1,-0.00501695
dmatbeta340.2,-0.010587974
dmatbeta340.3,-0.014133637
dmatalpha341,-0.029939257
dmatbeta341.1,0.010727686
dmatbeta341.2,0.006318446
dmatbeta341.3,0.004970891
dmatalpha342,-0.015311456
dmatbeta342.1,-0.009040809
dmatbeta342.2,-0.000324449
dmatbeta342.3,-0.007757794
dmatalpha343,0.018389058
dmatbeta343.1,-0.003031893
dmatbeta343.2,0.001383654
dmatbeta343.3,0.004390756
dmatalpha344,-0.010909742
dmatbeta344.1,0.01354294
dmatbeta344.2,-0.000621468
dmatbeta344.3,0.009717386
dmatalpha345,0.003646926
dmatbeta345.1,-0.008436754
dmatbeta345.2,-0.000490464
dmatbeta345.3,-0.003058184
dmatalpha346,-0.0179003
dmatbeta346.1,-0.00195102
dmatbeta346.2,-0.003683264
dmatbeta346.3,-0.008829473
dmatalpha347,0.004639008
dmatbeta347.1,0.004325231
dmatbeta347.2,0.007496246
dmatbeta347.3,0.009758347
dmatalpha348,0.004950612
dmatbeta348.1,0.008662386
dmatbeta348.2,-0.002607173
dmatbeta348.3,0.007747285
dmatalpha349,-0.043934878
dmatbeta349.1,0.007358568
dmatbeta349.2,-0.000699004
dmatbeta349.3,-0.002292452
dmatalpha350,0.002899233
dmatbeta350.1,0.002034561
dmatbeta350.2,0.001548029
dmatbeta350.3,-0.000580364
dmatalpha351,-0.001669432
dmatbeta351.1,-0.01071844
dmatbeta351.2,-0.004894972
dmatbeta351.3,-0.010143656
dmatalpha352,-0.008196286
dmatbeta352.1,0.004336914
dmatbeta352.2,0.007999596
dmatbeta352.3,0.007870424
dmatalpha353,0.011182358
dmatbeta353.1,0.003584134
dmatbeta353.2,-0.002702947
dmatbeta353.3,0.007165246
dmatalpha354,0.002858742
dmatbeta354.1,0.000134953
dmatbeta354.2,0.007251796
dmatbeta354.3,-0.005779183
dmatalpha355,-0.018421062
dmatbeta355.1,-0.011102191
dmatbeta355.2,-0.01005257
dmatbeta355.3,-0.003471572
dmatalpha356,-0.018956715
dmatbeta356.1,-0.00437805
dmatbeta356.2,0.001362095
dmatbeta356.3,0.002017881
dmatalpha357,0.005820153
dmatbeta357.1,-0.010747491
dmatbeta357.2,-0.007632878
dmatbeta357.3,-0.006945281
dmatalpha358,-0.006537448
dmatbeta358.1,-0.003225593
dmatbeta358.2,-0.001351476
dmatbeta358.3,-0.01176241
dmatalpha359,-0.006824724
dmatbeta359.1,0.004652425
dmatbeta359.2,0.000128511
dmatbeta359.3,0.000981349
dmatalpha360,0.005461456
dmatbeta360.1,-0.003121399
dmatbeta360.2,-0.002434193
dmatbeta360.3,-0.00010374
dmatalpha361,-0.000505007
dmatbeta361.1,-0.014968558
dmatbeta361.2,-0.008857181
dmatbeta361.3,-0.006898272
dmatalpha362,0.017151272
dmatbeta362.1,0.020390019
dmatbeta362.2,0.014491415
dmatbeta362.3,0.014349847
dmatalpha363,0.029834994
dmatbeta363.1,-0.02076571
dmatbeta363.2,-0.0184029
dmatbeta363.3,-0.018516209
dmatalpha364,0.257310744
dmatbeta364.1,0.081993222
dmatbeta364.2,0.05236733
dmatbeta364.3,0.076870602
dmatalpha365,-0.104905304
dmatbeta365.1,-0.053045075
dmatbeta365.2,-0.02977539
dmatbeta365.3,-0.044944419
